title,price,weight,count_sold,seller,feedback_seller
Bless tea Blesstea sachet teh Hitam original isi 70gram ,95000,150 gram,0.0,bla_993,99% (2119 feedback)
Teh Daun Jati Cina Curah Kencono Sari - Jaticina Diet Herbal,3500,80 gram,46.0,djuneardy,100% (91 feedback)
teh hitam bestea,110000,80 gram,2.0,a12ief,100% (2 feedback)
termos kopi teh hot & cold stenlis 1000 ml,80000,450 gram,15.0,bahrul_bahrul_nasikin,100% (48 feedback)
Teh Hijau Green Kepala Djenggot Ekonomis 50 g,6500,90 gram,9.0,in_store,100% (10611 feedback)
Teh Jati Cina. Teh Daun Jati Cina. Herbal Pelangsing Alami.,2900,60 gram,0.0,ummurasyad,98% (96 feedback)
Wedang Serai - Wedang Sereh - Teh serai 1 pax isi 10 bungkus,35000,350 gram,2.0,nuniksafitri444,100% (13 feedback)
Slimming herbal thai tea teh pelangsing alami ,150000,100 gram,0.0,limlieha99,97% (40 feedback)
Gojiberry Tea 20 gram Teh Gojiberry Import Anti Aging,22900,20 gram,6.0,ailailzyana,100% (7779 feedback)
Kemasan Teh Celup per 1000 pcs.kemasan gusset teh celup.kemasan teh,300000,3.0 kilogram,20.0,kemasanjayaindo,99% (590 feedback)
Nestea Lemon Tea 1KG,56500,1.1 kilogram,74.0,super_shop15,91% (6965 feedback)
Teh Hijau peko super kiloan,78500,1.0 kilogram,49.0,deny_ajaah,99% (253 feedback)
Teh Wangi Tradisional Tjap Gardoe  Hijau (Teh Tubruk Tradisional Dengan Bunga Melati) Traditional Tea With Jasmine Flower (Daun Teh Pilihan),3000,60 gram,71.0,pusatgrosireceran,100% (11116 feedback)
Teh Daun Bidara Celup,20000,50 gram,45.0,farenno_shop,99% (143 feedback)
Sendok plastik panjang pengaduk minuman sendok es teh 19cm ,12800,200 gram,56.0,amandante,96% (2729 feedback)
Teh Pelangsing Daun Jati Cina Grade A 1kg,60000,1.0 kilogram,65.0,lenvi,98% (83 feedback)
Teh Tikuanyin/Tie Guan Yin China Fujian Oolong Tea  Bagikan :   BEVERAGES Teh Tikuanyin/Tie Guan Yin China Fujian Oolong Tea,255000,950 gram,11.0,healthy_herbal,99% (2655 feedback)
Saringan Kopi Teh Susu Kedele Almond Milk (SIZE BESAR)/CLOTH COFFEE FILTER,55000,115 gram,28.0,indomadaniaga,99% (1574 feedback)
Teh Bawang Dayak ,25000,100 gram,36.0,farenno_shop,99% (143 feedback)
AHMAD TEA LONDON - Camomile & Lemongrass - Fruit & Herb - Teh Import,89000,100 gram,16.0,tokomartshop,100% (712 feedback)
Teh Biru Bunga Telang Martani Jogja & 40 10gr& 41 MURAH,15000,50 gram,109.0,martanindonesia,98% (111 feedback)
Teh insomnia - teh rasa cemas Teh Dilmah Chamomile Original PURE CAMOMILE INFUSION 20 tea bag,77000,200 gram,14.0,binmuhsin,92% (781 feedback)
Kantong teh celup model segitiga sama sisi 8 cm ukm ,95000,150 gram,21.0,henny_dimayanti08,100% (678 feedback)
Sendok Teh Stainless Motif Bunga Sendok Es Spoon Tea Ice Peralatan Dapur Kitchen Ruang Makan Kopi Coffee warkop UKM,600,25 gram,50.0,paffie,88% (54031 feedback)
Mindtea teh hitam Refill pack 80 g,75000,100 gram,25.0,ktarina,99% (218 feedback)
teh daun jati cina,3500,50 gram,2064.0,kiosherbalsinta,99% (2990 feedback)
BONICO LEMON TEA powder 1kg Bubuk minuman drink powder MILK SHAKE ice blend TEH LEMON,65000,1.08 kilogram,10.0,bubbleshop88,97% (895 feedback)
Teh Daun Kelor Murni Kwalitas Premium,19500,200 gram,108.0,flozindo,100% (4066 feedback)
DHERB Teh Celup PURE PASAK BUMI isi 5 pcs - Manfaat Bagi PRIA dan WANITA,20000,25 gram,23.0,maicaleaf,99% (8683 feedback)
Teh Mahkota Dewa,15500,200 gram,85.0,yeyeherbal,100% (15202 feedback)
stirring mug unik gelas mug self stiring new gelas aduk ajaib gelas aduk sendiri ori pengaduk otomastis sendiri automatic kopi coffee magic art dapur alat susu teh gula,32900,300 gram,741.0,paffie,88% (54031 feedback)
MOKHA Coffee Flannel Cloth Filter  Saringan Kopi Teh Tarik Kain 10cm,26000,200 gram,112.0,amanoshop,94% (3955 feedback)
TEH DAUN TIN TEH CELUP HALAL,12500,60 gram,97.0,gatottripranoto,100% (355 feedback)
French Press 350ml Biasa Coffee Plunger - Saringan Kopi - Saringan Teh ,55500,650 gram,19.0,mgm_online,97% (1658 feedback)
Teh Celup Kulit manggis dan daun sirsak Plus Daun kelor GARCIMAXS,10000,100 gram,30.0,candra_herbal83,99% (2125 feedback)
Teh MS MAXS - Teh Celup Kulit Manggis Plus Daun Sirsak,15000,100 gram,24.0,tokopribumi,99% (3888 feedback)
Teh Celup Kulit Manggis dan Daun Sirsak Plus Daun Kelor GARCIMAXS,10000,80 gram,23.0,herb_store,99% (1835 feedback)
Toples segi plastik Aluna M tempat makan kotak makan kue kerupuk gula tepung kopi teh lunch box Food Grade Viola,10000,400 gram,55.0,maria_maria314,98% (2015 feedback)
Hu-Whang Tea Teh Pelangsing Kesehatan Penurun Kolesterol Agen Nasa Resmi Jakarta,75000,350 gram,18.0,ariyati_nowo_setiyowati,99% (724 feedback)
Herbal minuman liang teh asli dari 9 jenis herbal cina,35000,125 gram,37.0,kepobelanja,93% (4442 feedback)
Termurah Kmuri  Cata Teh daun sirsak dan keladi tikus ISI 10 SACHET,175000,130 gram,0.0,veherba,100% (101 feedback)
Teh Mahkota Dewa Original Asli Curah Murah,25000,170 gram,12.0,pusat_herbal_murah,100% (5385 feedback)
Fleecy Bangle Tea - Teh Pelangsing BestSeller,63800,25 gram,8.0,superdeluxe,85% (2741 feedback)
Grosir Teh Peluntur Lemak TPL Original Aman Untuk Busui dan Penderita Maag,115000,300 gram,3.0,sutrasehat,96% (65 feedback)
PROMO TEH BENALU KOPI KERING 500 GRAM obat herbal,40000,520 gram,0.0,yusuf_nasrulloh331,96% (28 feedback)
FLEECY Bangle Tea - Slimming Tea - Teh Pelangsing,80000,100 gram,10.0,johanesandreanto,100% (5623 feedback)
Teh Celup Sarang Semut Griya Herba,25000,150 gram,16.0,jualan_herbal,100% (4742 feedback)
Everest Tea Masala - Campuran Teh Herbal - Bumbu Teh India - Chai Tea,44500,100 gram,12.0,danieltyo,99% (3096 feedback)
kemasan sachet alufoil Silver 15Gr.kemasan Teh.,400,1 gram,700.0,selvialiu,100% (140 feedback)
Teh Ampuh Mengatasi Diabetes Kencing manis,175000,180 gram,0.0,andre_889,100% (4513 feedback)
Everest Tea Masala - Campuran Teh Herbal - Bumbu Teh India - Chai Tea,44500,100 gram,12.0,danieltyo,99% (3096 feedback)
UPPHETTA Coffee Tea French Press 04 L Pembuat kopi teh,103900,600 gram,41.0,titipikea,100% (20871 feedback)
Teh Celup Sarang Semut Griya Herba,25000,150 gram,16.0,jualan_herbal,100% (4742 feedback)
Teh Ampuh Mengatasi Diabetes Kencing manis,175000,180 gram,0.0,andre_889,100% (4513 feedback)
Bibit Herb Roman Chamomile Cocok Untuk teh HErbal,5000,2 gram,30.0,ailailzyana,100% (7779 feedback)
Teh Celup Camomile - Chamomile Herbal Infusion - Sir Thomas J. Lipton,55000,200 gram,121.0,distributorteh,100% (1213 feedback)
ASI booster Tea teh pelancar asi original 100persen halal ,110000,300 gram,0.0,hengki_sung,99% (113 feedback)
Teh Celup Daun Kelor Kencono Sari Asli Murah Teh Herbal Mengobati Panas Demam Alergi,12500,120 gram,31.0,pusat_herbal_murah,100% (5385 feedback)
Teh Celup Herbal Daun Jati Cina,14300,81 gram,20.0,kabibherbal,94% (246 feedback)
obat pelangsing alami teh pelangsing fleecy slimming ,120000,200 gram,0.0,balqisardian,100% (1910 feedback)
Pro Deem Teh,46000,15 gram,20.0,ronalfreddytambunan06kik,94% (5413 feedback)
Teh Celup Daun Sirsak,9500,100 gram,288.0,afanigrosir,98% (16039 feedback)
Teh Pucuk Kembang Chrysanthemum,30000,100 gram,27.0,w_jayastore,98% (4509 feedback)
Teh Celup Pelangsing Rosena Rosella plus Jati Cina,10500,100 gram,88.0,yeyeherbal,100% (15202 feedback)
Teh Celup Daun Sirsak,9500,100 gram,61.0,griyaherba,97% (6448 feedback)
CHATRAMUE BRAND RED THAI TEA 400GR - DAUN TEH MERAH ASLI - AUTHENTIC RED THAI TEA IMPORT THAILAND,65000,460 gram,23.0,mysnackhut,99% (2785 feedback)
Sendok Bubuk Kopi Susu Teh dengan Penjepit Kemasan Stainless Steel,29900,60 gram,8.0,duniajasmine,99% (11076 feedback)
Teh Celup Herbal Jati Cina ,16000,90 gram,34.0,mracanganonline,98% (3894 feedback)
Pure Dried Red Rose Buds Teh Bunga Mawar Merah Kering Flower Tea Hips Pouch,98800,370 gram,10.0,nihoncha,99% (646 feedback)
Sachet 15 gram bag full alumunium foil 8x9 cm SACHET TEH - SAOS - KECAP - BUMBU,90000,520 gram,27.0,ddfrenc,99% (1669 feedback)
Kantong Plastik Bubble Tea / Teh Poci / Pop Ice Uk. 1 Cup,5600,120 gram,53.0,serba_serbi_serbu,98% (1970 feedback)
Teh Celup Daun Insulin,8000,80 gram,113.0,herbamart76,95% (8489 feedback)
Teh Nutu,2400,70 gram,58.0,williamsantoso,98% (1732 feedback)
Teh Jawa Celup Teh Hitam,5500,100 gram,28.0,williamsantoso,98% (1732 feedback)
Teh Herbal - Bunga Telang Kering - DISKON - Clitoria TernaTea - Pewarna makanan alami - Teh Biru - Blue Tea,13900,35 gram,16.0,heruegalwan,100% (13 feedback)
Gelas Teh - Gelas Beer,7000,500 gram,65.0,fernando888,99% (2973 feedback)
Teh Daun Jati Cina / Teh Pelangsing,29500,40 gram,557.0,babehfebi,99% (12117 feedback)
Powder Premium Teh Tarik - Teh Tarik Premium - 1Kg,65000,1.1 kilogram,20.0,uspur,92% (14099 feedback)
Bak Kut Teh Sin Tai Hing,35000,120 gram,39.0,w_jayastore,98% (4509 feedback)
Teh Daun Jati Cina (Herbal Tea Pure Herbal Organic),15000,40 gram,566.0,mandjur,99% (40212 feedback)
Thai Mixed Coffee Number One + Saringan Teh (paket),80000,1.2 kilogram,10.0,pojokfashionmurah,99% (763 feedback)
Teh Pelangsing Daun Jati Belanda,20000,200 gram,60.0,rumahrempahsolo,98% (1835 feedback)
Saringan Thai Tea | Saringan Teh Tarik,30000,150 gram,110.0,mandayshop,95% (807 feedback)
Kantong Teh Tea Bags Teabags Disposable Tea Filter Bags Food Grade,300,1 gram,2900.0,snowyowl,100% (148 feedback)
Teh Seduh Curah Daun Kelor,5000,50 gram,71.0,afanigrosir,98% (16039 feedback)
teko teh thai tea plus saringan,95000,2.0 kilogram,26.0,hardi_ahmad_triwahyudi,98% (97 feedback)
TEH DANDANG COKLAT WANGI,3000,40 gram,87.0,ary_murdiyati,98% (2041 feedback)
Teh ASI Breastmilk Booster Tea - Melancarkan Produksi Air ASI Ibu (20 Kantung),16000,125 gram,33.0,amanahherbal,99% (2604 feedback)
jati cina teh celup pelangsing herbal alami,19900,80 gram,42.0,ziadzivelah,98% (1366 feedback)
SHUMA VACUUM MUG-TERMOS MUG LEATHER - TERMOS GELAS KOPI DAN TEH 450ML ,120000,550 gram,16.0,bayionlineshop,95% (3483 feedback)
TEH CELUP HERBAL SARANG SEMUT PAPUA KENCONO SARI ,20000,100 gram,2.0,fadhlika_fikri,100% (486 feedback)
Oyama Slim Tea Teh Hijau Pelangsing Teh Peluntur Lemak original alami,110000,150 gram,6.0,balqisardian,100% (1910 feedback)
Teh Celup Daun Kumis Kucing Kencono Sari Asli Murah Teh Herbal Pemelihara Organ Ginjal,13500,120 gram,12.0,pusat_herbal_murah,100% (5385 feedback)
Glucoscare Glucos Care Teh Herbal Diabetes Kencing Manis,105000,100 gram,1.0,lk_shop,99% (1174 feedback)
Teh Celup Kulit Manggis Kencono Sari ,18000,150 gram,2.0,alayubi234,100% (4379 feedback)
Teh Herbal Daun Sukun Griya Herba,25000,150 gram,3.0,jualan_herbal,100% (4742 feedback)
Twinings Herbal Tea teh Camomile Honey and Vanilla Caffein Free 20 bags,79000,200 gram,16.0,beautysta,100% (498 feedback)
Teh Celup 3 In 1 Asli Kulit Manggis Daun Sirsak Dan Teh Hijau Asli Murah,18500,120 gram,44.0,pusat_herbal_murah,100% (5385 feedback)
Paket 4 Takoyaki Halal DNFOOD dan Teh Bebas Pestisida,77500,1.0 kilogram,0.0,andrian_h_pramono,100% (1 feedback)
TERMURAH Original Teh Peluntur Lemak New TPL 60 sachet,125000,300 gram,24.0,sutrastore99,97% (4954 feedback)
Teh Celup 3 In 1 Asli Kulit Manggis Daun Sirsak Dan Teh Hijau Asli Murah,18500,120 gram,44.0,pusat_herbal_murah,100% (5385 feedback)
TEH GURAH NASA ATASI RACUN DALAM TUBUH ,65000,200 gram,5.0,dewiratna30dr,100% (184 feedback)
Teh Gurah Nasa,55000,250 gram,0.0,siti_aliya175,100% (1 feedback)
ASI booster Tea teh pelancar asi original 100persen halal ,110000,300 gram,0.0,hengki_sung,99% (113 feedback)
TEA ROSE KEVA 12ml bibit parfum minyak wangi teh mawar MURNI non alkohol ,24000,50 gram,11.0,gandasari_attarwood,99% (5409 feedback)
UPPHETTA Coffee Tea French Press 04 L Pembuat kopi teh,103900,600 gram,41.0,titipikea,100% (20871 feedback)
HU-WHANG TEA Orginal NASA - Teh Kesehatan Banyak Manfaat,67500,200 gram,1.0,nurulherbal,100% (45 feedback)
Teh Celup Yakon - Teh Herbal Darussyifa 20 sachet ,15000,80 gram,0.0,herbaltum,88% (1009 feedback)
vintage cangkir kopi teh bahan keramik asli ukuran kecil,30000,660 gram,17.0,betuah_shop,99% (351 feedback)
Teh Celup Herbal Daun Jati Cina,14300,81 gram,20.0,kabibherbal,94% (246 feedback)
SHUMA VACUUM MUG-TERMOS MUG LEATHER - TERMOS GELAS KOPI DAN TEH 450ML ,120000,550 gram,16.0,bayionlineshop,95% (3483 feedback)
Teh Celup Jati Cina Herbal,9000,100 gram,57.0,akhdan_herbal,97% (20135 feedback)
SUJI Mug Glass Cylinder Handle Plastic 60 ml Cangkir Gelas Kaca Silinder Coffee Kopi Tea Teh Jus Hot Panas Cold Dingin Black Hitam,50000,200 gram,17.0,sujipremiumhandcrafted,99% (800 feedback)
Teh Daun Jati Cina,5000,100 gram,20.0,rykasusyla,98% (295 feedback)
TEH KAYU ULAR AMPUH OBATI DIABETES MALARIA DLL,25000,50 gram,18.0,bimatop,100% (270 feedback)
Tong Tji Super 250 gram-Jasmine Tea -Teh Seduh -Loose Tea ,18000,350 gram,174.0,tongtjiofficialstore,93% (250 feedback)
Teh Gopek Super Lusinan,30000,500 gram,15.0,huseinsnack,100% (18 feedback)
TEH TARIK INDOCAFE MAXTEA Sachet 25 Gram Murah ByTokopelanginicer,2500,25 gram,17.0,tokopelanginicer,98% (575 feedback)
Mama Asix - Teh Pelancar ASI - ASI Booster Tea,110000,300 gram,43.0,timepubabyshop,90% (1718 feedback)
Teh Herbal Bunga Telang Butterfly Pea Flower BluePea Plower 10 gr,22000,15 gram,67.0,dimariaangel070,96% (1775 feedback)
Teh MAHKOTA DEWA cv SALAMA NUSANTARA,13500,260 gram,64.0,fast_delivery,95% (3202 feedback)
Teh Celup Angkak Isi 20 Bag,11000,75 gram,24.0,deden_hambali,99% (2380 feedback)
teh CELUP daun BINAHONG isi 20 kantong DARUSYIFA,12000,100 gram,21.0,fast_delivery,95% (3202 feedback)
Teh Celup Daun Tin   JS001  ,16800,80 gram,23.0,itsolutions2,100% (6021 feedback)
Lemom Tea Yummy ASI Booster Teh Lemon Pelancar ASI,39000,150 gram,15.0,goasi,99% (573 feedback)
Teh Diet Etham,71000,125 gram,33.0,jesthamonlineshopjakartautara,96% (86 feedback)
Obat diabetes - Liver - Infeksi saluran kemih - Teh Daun Insulin Original,9900,250 gram,23.0,adhimahadi,94% (13003 feedback)
Teh Pelangsing Daun Jati Cina (Daun Senna),55000,1.0 kilogram,22.0,rumahrempahsolo,98% (1835 feedback)
Teh Up Honey Lemon Tea CNI,50000,350 gram,16.0,etenth,100% (9197 feedback)
Teh kayu ular serbuk menyembuhkan diabetes dan penyakit lain,153000,150 gram,17.0,bintangrefill,100% (4476 feedback)
Dandang Thai Tea Teh Tarik bonus gayung.,315000,14.0 kilogram,11.0,adewahyuhenri,95% (97 feedback)
Teh LIPTON CHAMOMILE - Sir Thomas Lipton Tea -Herbal Infusion Camomile,58500,230 gram,17.0,tokomartshop,100% (712 feedback)
PROSLIM TEA/ PRO SLIM TEA GREEN WORLD/ TEH PELANGSING/DIET/PENGHANCUR LEMAK,100000,150 gram,22.0,tommyhikaru,100% (1466 feedback)
PATUNG PAJANGAN KAKEK NENEK TUANG TEH,165000,1.0 kilogram,13.0,gloriabellucci,97% (2096 feedback)
Coffe Warmer Penghangat Minuman Electric Kopi Air Panas Teh Susu Unik Praktis,32500,300 gram,65.0,produkunikchina,87% (13796 feedback)
Thai Tea Number One 400gr + Saringan Teh,68000,500 gram,88.0,pojokfashionmurah,99% (763 feedback)
Teh celup daun kelor Original WHP,10000,100 gram,47.0,candra_herbal83,99% (2125 feedback)
Green Tea / Teh Hijau Organik,30000,100 gram,46.0,teatwoone,92% (42 feedback)
TEH GAHARU MASINDO  DAFTAR DISTRIBUTOR  400000,400000,800 gram,11.0,bambangsubagio46,98% (63 feedback)
GELAS MUG - GELAS JUS - GELAS TEH - GELAS AIR PUTIH - GELAS BEER,8000,500 gram,77.0,nad_love08,100% (1144 feedback)
Ou tea kapsul - Teh Kesehatan - Minuman Kesehatan Stamina Original,170000,100 gram,0.0,muhammad_zul_irfan,93% (81 feedback)
Jual Benalu teh segar 500 gram,65000,600 gram,0.0,asepurjaman88,100% (1432 feedback)
Teh Celup Kulit Manggis Kencono Sari ,18000,150 gram,2.0,alayubi234,100% (4379 feedback)
Teh Daun Jati China 70 gr l Daun Jati Cina Sliming Leaf,5000,100 gram,33.0,tokoamalia21,98% (19103 feedback)
obat pelangsing alami teh pelangsing fleecy slimming ,120000,200 gram,0.0,balqisardian,100% (1910 feedback)
Paket 4 Takoyaki Halal DNFOOD dan Teh Bebas Pestisida,77500,1.0 kilogram,0.0,andrian_h_pramono,100% (1 feedback)
Pomade Teh Hijau Non Label 100ml js,32500,112 gram,0.0,windaanggraini15,99% (1455 feedback)
Teh Celup Songgolangit Plus Teh Celup Herbal Asam Urat Darusyifa,15000,100 gram,2.0,embeherbal,97% (372 feedback)
PRO SLIM TEA/PROSLIM TEA/TEH ANTI KOLESTEROL/TEH PELANGSING,100000,200 gram,2.0,okeshopjkt,100% (706 feedback)
Liza Herbal Bangle Green Tea Plus - Teh Herbal Untuk Pelangsing,30000,100 gram,1.0,erdayeni,98% (72 feedback)
Liza Herbal Bangle Green Tea Plus - Teh Herbal Untuk Pelangsing,30000,100 gram,1.0,erdayeni,98% (72 feedback)
Penghangat USB Gelas Kopi Teh Pemanas Susu Warmer Cup Tatakan Stainless Steel,119000,550 gram,31.0,yustian81,95% (1375 feedback)
Teh Twinings Jasmine Green Tea 25 tea bag 50 gram,96800,100 gram,6.0,iqbalfarabi,100% (22157 feedback)
kemasan Sachet Alufoil Silver 25gr.kemasan Teh,500,2 gram,0.0,selvialiu,100% (140 feedback)
Teh celup-herbal jati cina gholiban murah,18500,150 gram,0.0,qodi_husen,100% (212 feedback)
Pomade Teh Hijau Non Label 100ml js,32500,112 gram,0.0,windaanggraini15,99% (1455 feedback)
Teh Celup 2 Tang Jasmine Tea Premium Isi 25 Tea Bag,9900,100 gram,13.0,kisthea,100% (8520 feedback)
teh tokin-obat masuk angin sakit kepala,55000,60 gram,0.0,qodi_husen,100% (212 feedback)
Oyama Slim Tea Teh Pelangsing Herbal Alami,65000,250 gram,0.0,suhendy2005,98% (1888 feedback)
Jual Benalu teh segar 500 gram,65000,600 gram,0.0,asepurjaman88,100% (1432 feedback)
OSK Japanese Green Tea - Teh hijau Jepang 50sachet ,125000,350 gram,14.0,cantikherbal97,100% (3931 feedback)
Saringan Teh Filter Seduh Teh 10 cm,18000,90 gram,12.0,niaganusantara,100% (1146 feedback)
Teh Seduh Bunga Rosella Ungu  Unggu  Kencono Sari   JS001  ,24000,120 gram,11.0,itsolutions2,100% (6021 feedback)
Teh Hitam Celup TN   JS001  ,13900,80 gram,11.0,itsolutions2,100% (6021 feedback)
Teh Celup Lima Herba   Untuk Asam Urat Dan Rematik   JS001  ,19900,80 gram,10.0,itsolutions2,100% (6021 feedback)
Teh Gaharu Teh Diet Teh Pelangsing,27100,250 gram,51.0,galuhbanjar463,100% (691 feedback)
Teh Daun Jati Cina Kencono Sari 40 gr - langsing diet sehat,4800,55 gram,96.0,gresikherbal,98% (1119 feedback)
Banten Tea Organic - Teh Hijau Organik - Teh Oolong Organik - Teh Hitam Organik,75000,80 gram,16.0,jsvone,99% (2249 feedback)
KASIMURAH Mini Hand Mixer Kopi Teh Tarik Telur Whisk Egg Portable Pengaduk Serbaguna Grosir Murah,8300,60 gram,34.0,kasimurahid,99% (1332 feedback)
Teh Celup Daun Tin Curah,700,2 gram,1866.0,gatottripranoto,100% (355 feedback)
Teh Daun Insulin Celup Obat Diabetes,12800,150 gram,59.0,gummystore,99% (4196 feedback)
BlessTea Teh Hitam Sachet,250000,80 gram,29.0,aris_sasongko98,98% (81 feedback)
Teh Putih BPOM - Gamboeng White Tea Kaleng 50gr,150000,120 gram,25.0,gamboengwhitetea,96% (57 feedback)
"teh celup Daun insulin Yakon = solusi diabetes, liver, malaria, pankreas",10000,150 gram,270.0,swalayan_herbal,93% (8321 feedback)
Saringan bikin Kopi & Teh dari Kain,15000,50 gram,151.0,nikimurah,94% (349 feedback)
Teh Asi Booster - Teh celup asi booster,27500,100 gram,73.0,rinatomcek,95% (3296 feedback)
Teko thai tea teko Teh tarik teko dum dum kopitiam 27 cm ,150000,1.5 kilogram,9.0,dariduasatu,94% (1174 feedback)
Termos Susu Kopi Teh Dll Untuk Minuman Bayi Anak Sekolah dan Outdoor/Traveler,69000,400 gram,128.0,niqya,100% (22860 feedback)
Teh Daun Sirsak,25000,125 gram,28.0,distributorteh,100% (1213 feedback)
Premium Ocha 500g,58000,600 gram,13.0,toatea,96% (53 feedback)
Teh Pelangsing Sinensa - Sinensa Green Tea Herbal,40000,100 gram,23.0,duniakosme,97% (6189 feedback)
Teh Daun Bidara Arab TERMURAH,9000,100 gram,51.0,elasanchez,98% (102 feedback)
Teh Daun Jati Belanda Kering Kiloan.,65000,1.15 kilogram,,harunprasojo10949,98% (374 feedback)
Filter Teabags - Kantong Saring Teh 7x9 cm - Food Grade,500,1 gram,1357.0,flonel,99% (725 feedback)
Teh Hijau Celup   Green Tea Gholiban   JS001  ,14000,80 gram,13.0,itsolutions2,100% (6021 feedback)
XIA SUANG CHI CHONG JI TEH DELIXIA ,17500,210 gram,32.0,edyaciu,99% (4863 feedback)
BIG SALE Bibit Jamur Teh Kombucha Jamur Dipo Scoby,75000,600 gram,9.0,uwistayolshop,100% (2709 feedback)
Gayung Teh Tarik Stainless / Gayung Thai Tea 0.6 L,45000,1.0 kilogram,23.0,circlestore,95% (5137 feedback)
TEH HIJAU 100% ASLI PASIR WALIK 500gr Dapat Menghilangkan Sakit Kepala,45500,585 gram,20.0,pasir_walik,99% (608 feedback)
Teh Gaharu asli Kalimantan,29000,100 gram,33.0,mugni504,100% (1232 feedback)
TEKO STAINLESS TEKO TEH TARIK THAI TEA PLUS SARINGAN,90000,1.5 kilogram,1.0,firdaus_sudrajat651,100% (38 feedback)
Paket 4 Takoyaki Halal DNFOOD dan Teh Bebas Pestisida,77500,1.0 kilogram,0.0,andrian_h_pramono,100% (1 feedback)
TBR034 - Gelas Mug Cangkir Keramik Kecil Kartun Lucu Cangkir Teh Mug,71400,650 gram,2.0,toko49,99% (63696 feedback)
PRO SLIM TEA/PROSLIM TEA/TEH ANTI KOLESTEROL/TEH PELANGSING,100000,200 gram,2.0,okeshopjkt,100% (706 feedback)
Teh Cap Botol Vintage 40 Gr - Teh Cap Botol Khas Tegal,54000,300 gram,10.0,anzoes,100% (13 feedback)
blesstea/bless tea/ blestea/ bles tea/ teh hitam sachet 100% ori,100000,100 gram,77.0,edy_shu,99% (6395 feedback)
TEH GOLDEN VALLEY SOD TEA Minuman Herbal Serbuk Rooibos,117000,100 gram,1.0,edoardoberjaya1,97% (42 feedback)
teh pot cangkir teh tempat buat kopi tempat buat teh lengkap penyaringan ,61900,500 gram,2.0,fello1989,98% (2712 feedback)
Dijual paket teh meizitang dan Meizitang kapsul Pelangsing,150000,250 gram,0.0,susian_novary,98% (1291 feedback)
Tehdia - Teh Herbal Alami Diabetes 1box isi 20pcs,56300,50 gram,2.0,skanca_herbal,100% (6 feedback)
teh pelangsing-sliming tea herbal pelangsing-minuman kesehatan-minuman pembakar lemak-peluntur lemak isi 40 bks,105000,350 gram,10.0,hendrymalaikat13,99% (1472 feedback)
Sliming Tea sliming herb teh pelangsing alami teh diet pembuang detox isi 50sachet ,150000,150 gram,0.0,familyherbal993,100% (7417 feedback)
blesstea/bless tea/ blestea/ bles tea/ teh hitam sachet 100% ori,100000,100 gram,77.0,edy_shu,99% (6395 feedback)
Teh Hijau Asli Cap Daun Mas ,20000,180 gram,3.0,herbal_murah_bekasi,97% (1228 feedback)
"Teh Daun Jati Cina, Teh Herbal Pelangsing Alami, Menyusutkan Perut, Menghancurkan Lemak Tubuh, Memperbaiki Pencernaan",3500,80 gram,646.0,alamiherbal,100% (11812 feedback)
PAKET KESUBURAN PAKET MADU EURY X dan ZURIAT TEH ZURIA ALSHIFA PROMIL,285000,600 gram,1.0,tokosayajakarta,100% (8 feedback)
Teh Hijau Asli Cap Daun Mas,20000,100 gram,0.0,alayubi234,100% (4379 feedback)
Teh Hijau Asli Cap Daun Mas I Daun Teh Hijau,16000,110 gram,0.0,rukoherbal,100% (1286 feedback)
Penghangat USB Gelas Kopi Teh Pemanas Susu Warmer Cup Tatakan Stainless Steel,119000,550 gram,31.0,yustian81,95% (1375 feedback)
Benalu Teh Kering 500 gram murah,85000,600 gram,0.0,asepurjaman88,100% (1432 feedback)
Teh Celup Daun Insulin  yakon ,10000,85 gram,135.0,mandiriherbal88,99% (5589 feedback)
saringan teh - saringan kopi - saringan thai tea buatan Thailand berbahan kain tebal,10000,40 gram,992.0,dastincindy,98% (215 feedback)
Teh Celup Bunga Rosella Rosela Gholiban,13500,80 gram,28.0,herbalwahana0101,99% (4956 feedback)
satu set teko thai tea atau teh tarik,110000,1.4 kilogram,32.0,lefti_dewi,94% (874 feedback)
"teh wangi celup cap dandang
isi 25 tea bag",7000,85 gram,90.0,kcankkcank,95% (2087 feedback)
Gelas Kopi Thai - Mug Thai Tea - Cangkir Mug Teh Tarik Besar Aluminium Tebal,120000,500 gram,24.0,sandyptk,100% (1419 feedback)
teh gunung satria sachet (teh  wangi khas banjarmasin),25000,150 gram,39.0,goegun,99% (866 feedback)
TWININGS Green Tea & Lemon ..Jasmine ..Mint..teh twining,87800,200 gram,28.0,jiisoii,99% (1083 feedback)
Teh Manggata,50000,200 gram,42.0,saksakechan,100% (32 feedback)
TEH KAYU ULAR AMPUH OBATI DIABETES MALARIA DLL,25000,50 gram,18.0,bimatop,100% (270 feedback)
Hio Dupa Tumpeng Kerucut Kantong Aroma Teh Hijau Green Tea Cone Incense,23000,330 gram,10.0,niken295,100% (3968 feedback)
Teh Bunga Rosela ungu,15500,100 gram,27.0,nasir78,99% (8296 feedback)
Teh Daun Jati Cina Organik Teh Peluntur Lemak - 40 gram,2500,100 gram,50.0,nasir78,99% (8296 feedback)
Teh celup daun insulin ,10000,75 gram,104.0,gobeer,99% (1673 feedback)
Sendok Teh Penyeduh Teh Saringan Teh Rempah bentuk Panah Hati Tea Love Heart Strainer santai sore cara baru minum teh,8400,55 gram,217.0,paffie,88% (54031 feedback)
"KHASIAT BENALU TEH ASLI , RASIO EKSTRAK 5 : 1, OBAT KANKER KISTA MIOM TUMOR, SAKIT PINGGANG, ASAM URAT , REMATIK, ANTI VIRUS, SINUS, PIKUN , LEMAH SYAHWAT, FLEK, MENGHALUSKAN KULIT, STRES, JANTUNG, GAGAL GINJAL DLL",200000,100 gram,16.0,tony63,98% (802 feedback)
FLAT BOTTOM ECO S 750 coffee bag 200g 250g kemasan kopi food snak tea teh packaging kertas kraft paper kantong pouch ecer grosir,2100,7 gram,300.0,coffee_supplies,99% (1109 feedback)
Cangkir Seri 9 Ayam Jago Seri 2 - Gelas Kopi - Teh,24000,400 gram,35.0,168368,98% (1464 feedback)
Powder Rasa Teh Tarik - Rasa Teh Tarik Powder -1Kg - Bubuk Teh Tarik ,39800,1.1 kilogram,95.0,uspur,92% (14099 feedback)
Sendok Es Teh Stainless Stee 1PAX  isi12PCS,9900,140 gram,30.0,geboyshop,96% (16129 feedback)
French Press 600 Ml IPlunger Coffee I Coffee Maker I Penyaring Kopi Tanpa Ampas I Bisa Untuk Seduh Teh,98000,500 gram,8.0,sumber_rejeki_co_,95% (356 feedback)
RIKLIG Teko Penyeduh Teh Tea Pot Kaca,204900,1.3 kilogram,9.0,titipikea,100% (20871 feedback)
Teh 63 Green Tea Powder 150 gr - Bubuk Teh Hijau Utk Kesehatan,125000,250 gram,31.0,tedi_sukses,99% (739 feedback)
daun teh ohkuraren arare import,250000,50 gram,,roma889,100% (236 feedback)
TEH HIJAU CAP KEPALA JENGGOT,13000,200 gram,44.0,la_keto_store,88% (281 feedback)
French Earl Grey Black Tea Bergamot Oil Special Blend Teh Hitam Premium,55500,150 gram,10.0,nihoncha,99% (646 feedback)
TEH BAWANG DAYAK CELUP,20000,50 gram,55.0,farenno_shop,99% (143 feedback)
Teh Celup Daun Kelor Darusyifa Alami,15000,60 gram,177.0,afanigrosir,98% (16039 feedback)
Teh NUTU celup Melati Jamine Pekalongan,8000,100 gram,23.0,williamsantoso,98% (1732 feedback)
Teh NUTU Lestari 40 gram Pekalongan,3300,70 gram,26.0,williamsantoso,98% (1732 feedback)
Teh Celup Songgolangit Plus Teh Celup Herbal Asam Urat Darusyifa,15000,100 gram,2.0,embeherbal,97% (372 feedback)
TEKO STAINLESS TEKO TEH TARIK THAI TEA PLUS SARINGAN,90000,1.5 kilogram,1.0,firdaus_sudrajat651,100% (38 feedback)
Liza Herbal Bangle Green Tea Plus - Teh Herbal Untuk Pelangsing,30000,100 gram,1.0,erdayeni,98% (72 feedback)
Di Kedai Teh Ah Mei - Nezar Patria,42500,260 gram,0.0,bukubeta,99% (65006 feedback)
Buku Islam Secangkir Teh Buat Jomblo,25000,150 gram,1.0,hafidz341,98% (483 feedback)
Teh Hijau Pelangsing Teh Peluntur Lemak Obat Pelangsing Oyama Slim Tea,104500,150 gram,11.0,tongkatmaduraonline,100% (1474 feedback)
Teh detox Celup Herbal Alami DTOXGIN ,65000,200 gram,0.0,jericho_ng,98% (2526 feedback)
TEH GOLDEN VALLEY SOD TEA Minuman Herbal Serbuk Rooibos,117000,100 gram,1.0,edoardoberjaya1,97% (42 feedback)
Teh diabetes - tehdia - teh bukan sariwangi - teh herbal manis tanpa gula,44000,170 gram,15.0,herbsmedika,100% (6 feedback)
Teh Celup Cap 2 Tang Black Tea Isi 25 Tea Bag,8000,100 gram,8.0,kisthea,100% (8520 feedback)
Meguiars D106 PRO Fiber Rinse & Tannin Stain Remover 16oz Pembersih Noda Teh Kopi Wine,165000,600 gram,0.0,salonmobilcoid,98% (5291 feedback)
Teko Kopi Teh Coffee Pot ukuran 1 liter Merek Maspion ,74500,1.0 kilogram,1.0,gigii,91% (58 feedback)
TBR034 - Gelas Mug Cangkir Keramik Kecil Kartun Lucu Cangkir Teh Mug,71400,650 gram,2.0,toko49,99% (63696 feedback)
blesstea kotak-blestea kotak-teh hitam ortodox anti oksidan-teh kesehatan keluarga,135000,150 gram,0.0,hendrymalaikat13,99% (1472 feedback)
Teh Hijau Pelangsing Teh Peluntur Lemak Obat Pelangsing Oyama Slim Tea,104500,150 gram,11.0,tongkatmaduraonline,100% (1474 feedback)
Teh Celup Sirmag -Sirsak dan Manggis,15000,80 gram,0.0,imam_setiawan638,100% (63 feedback)
Twinings Teh Celup Lady Grey 25x2gr,93500,200 gram,0.0,distributorteh,100% (1213 feedback)
Dijual paket teh meizitang dan Meizitang kapsul Pelangsing,150000,250 gram,0.0,susian_novary,98% (1291 feedback)
Benalu Teh Kering 500 gram murah,85000,600 gram,0.0,asepurjaman88,100% (1432 feedback)
Blesstea Teh Hitam Asli Original isi 25 sachet,95000,100 gram,0.0,aton899,95% (2134 feedback)
Teh Jawa Gold,4000,70 gram,39.0,williamsantoso,98% (1732 feedback)
Teh Candi Borobudur,10000,175 gram,14.0,williamsantoso,98% (1732 feedback)
TEH HIJAU CURAH Bojonggambir,20000,1.0 kilogram,52.0,aa_tenn,97% (42 feedback)
Cangkir - Mug Teh-Kopi Keramik AYAM JAGO KSK-02 00311.00041,20000,550 gram,29.0,tokoleo,97% (15758 feedback)
NONA TEH DAN TUAN KOPI,56000,350 gram,13.0,hutamedia,97% (1237 feedback)
Teh Naga Sachet Premium,25000,500 gram,24.0,hendrydj,96% (58 feedback)
PAKET 60 TEH - ELMINA PLATINUM SUPER DETOX TEA - TEH PELANGSING - TEH KESEHATAN,280000,600 gram,9.0,elmina_official,99% (167 feedback)
Teh Celup Pegagan herbal,15000,150 gram,25.0,achmad_solichin,100% (1766 feedback)
PLASTIK BENTUK UNIK ES WAWAN DAN TEH BOTOL,25000,350 gram,29.0,vrshop17,99% (530 feedback)
teh GOPEK Celup Amplop (TBJA/JT),9500,150 gram,51.0,tehgopekbdg,100% (78 feedback)
French Press 350 ml |Plunger Coffee | Coffee Maker | Penyaring Kopi tanpa ampas | Bisa untuk Seduh Teh,84000,400 gram,112.0,sikopi,99% (1197 feedback)
bibit pohon teh hijau,34700,350 gram,21.0,perrypahri,100% (1516 feedback)
Teh Celup Ms Maxs Darusyifa Alami Sehat,12000,90 gram,456.0,lenteng_herbal_store,98% (2319 feedback)
Saringan Teh Stainless Steel Serbaguna Uk 8cm,5800,50 gram,11.0,geboyshop,96% (16129 feedback)
Sarang Semut Asli Papua Teh Seduh Sarang Semut Asli Papua Bin Rais Herbal Organik Alami,18800,100 gram,59.0,salehaffif,99% (10831 feedback)
teh bunga rosella,20000,150 gram,25.0,rizqi_dwi_muharram,99% (255 feedback)
Teh Prendjak Biru Bubuk 50gr,4000,80 gram,84.0,williamsantoso,98% (1732 feedback)
Tea Pot Premier 1500ml - Teko Kaca Ceret Tempat Teh Saringan Stainles,50000,650 gram,14.0,onlineshopmainan,99% (7202 feedback)
BONICO GREENTEA LATTE powder 1kg Bubuk minuman green tea drink powder teh hijau,67000,1.1 kilogram,100.0,bubbleshop88,97% (895 feedback)
teh melati cap sepeda balap 1pack isi 10bungkus ,20000,425 gram,25.0,kcankkcank,95% (2087 feedback)
Cangkir - Gelas Kopi - Gelas Teh - Gelas Kaca - Gelas Coffee,6000,350 gram,104.0,fernando888,99% (2973 feedback)
Teh Wangi Prendjak,3500,80 gram,116.0,boby_fredian,99% (519 feedback)
Teh Herbal Sidaguri,24000,125 gram,39.0,distributorteh,100% (1213 feedback)
paket hemat mamabear - soya mix - milky mama - teh maka bear - makanan penunjang asi,160000,1.0 kilogram,9.0,kafeibu,99% (1606 feedback)
Twinings English Breakfast Tea Teh Seduh 25x2gr,77500,175 gram,39.0,theonlinegrocer,97% (641 feedback)
teh daun TIN original,25000,30 gram,57.0,wwh,99% (2443 feedback)
teh bunga mawar red rose buds flower tea 50g 50gr 50gram 50 g gr gram,35000,50 gram,11.0,kishen171116,100% (1705 feedback)
Teh Candi Borobudur-Teh Wayang Khas Jatim,7000,150 gram,89.0,kingcosme,98% (70 feedback)
Refill Capsule Nescafe Dolce Gusto kopi teh coklat susu dapat dipakai berulang ulang,30000,50 gram,41.0,dndcorner,94% (373 feedback)
Stirring Mug Unik Gelas Mug Self Stiring New Gelas Aduk Ajaib Gelas Aduk Sendiri Ori Pengaduk Otomastis Sendiri Automatic Kopi Coffee Magic Art Dapur Alat Susu Teh Gula,31000,500 gram,313.0,lapakgrosir,98% (62106 feedback)
Super Red Date & Longan - Teh Kurma Merah & Longan 360g,42000,430 gram,15.0,mulia_panca_rezeki,97% (137 feedback)
Di Kedai Teh Ah Mei - Nezar Patria,42500,260 gram,0.0,bukubeta,99% (65006 feedback)
Teh detox Celup Herbal Alami DTOXGIN ,65000,200 gram,0.0,jericho_ng,98% (2526 feedback)
SEGEL Bibit Parfum TEA ROSE teh mawar 100 ml minyak wangi murni non alkohol,125000,170 gram,7.0,gandasari_attarwood,99% (5409 feedback)
Taj Mahal Premium Black Tea - Teh Hitam Premium - Worlds Finest Tea - Brooke Bond Tea,59000,300 gram,14.0,danieltyo,99% (3096 feedback)
Teh Celup Daun Tin Gholiban Herbal 20 Sachet,25000,100 gram,2.0,embeherbal,97% (372 feedback)
natural Huwangtea TEH para raja original nasa ,75000,150 gram,0.0,siti_muslihah242,97% (119 feedback)
Teh Cap Botol Celup Melati Renceng Teh Hijau Celup Botol,12100,300 gram,1.0,fandymar88,98% (1431 feedback)
Tokyo 1 Cangkir Teh Naruhodo Mini Cup 109587,28000,400 gram,1.0,tokyo1store,96% (1308 feedback)
Teh Herbal Pelangsing - Slim Body Puer Tea,358000,200 gram,0.0,fatmawatiherbalonline,100% (82 feedback)
SEGEL Bibit Parfum TEA ROSE teh mawar 100 ml minyak wangi murni non alkohol,125000,170 gram,7.0,gandasari_attarwood,99% (5409 feedback)
Tokyo 1 Cangkir Teh Naruhodo Mini Cup 109587,28000,400 gram,1.0,tokyo1store,96% (1308 feedback)
Teh tarik susu kambing aumm chai,15000,25 gram,0.0,erwan_hyip,99% (731 feedback)
Teh Merah-LIEF RED Tea Premium untuk Kesehatan-Bubuk,35000,60 gram,0.0,erdayeni,98% (72 feedback)
natural Huwangtea TEH para raja original nasa ,75000,150 gram,0.0,siti_muslihah242,97% (119 feedback)
Teh Celup Herbal Alami Tensimax ekstrak Mengkudu,65000,200 gram,0.0,jericho_ng,98% (2526 feedback)
Teh Bunga Rosella Merah Curah Rosela Merah - 100 gr,17900,100 gram,1.0,nasir78,99% (8296 feedback)
Teh Celup Asam Urat Gholiban - Herbal Asam Urat Penyakit Kulit dll,15000,80 gram,0.0,herbaltum,88% (1009 feedback)
TEH CELUP HERBAL MAHKOTA DEWA PLUS JAHE MERAH TAZAKKA,25000,100 gram,0.0,fadhlika_fikri,100% (486 feedback)
Teh  Herbal Nasa Agaric-Agen Nasa Bandung Cicaheum,250000,500 gram,0.0,geral_parkesit_bungsu,100% (27 feedback)
teh hijau asli,15000,100 gram,44.0,kiosherbalsinta,99% (2990 feedback)
TEH DANDELION HERBAL TEA PU GONG YING 100 G GR GRAM,16000,100 gram,64.0,kishen171116,100% (1705 feedback)
benalu teh kemasan/curah,25000,100 gram,41.0,ari_ramadani,99% (2254 feedback)
SARINGAN STAINLESS STELL SESI TEH BAYI BUBUR MINYAK DLL U 12CM,15000,30 gram,11.0,green_room88,97% (5061 feedback)
teh bunga rosela 100gr,18000,103 gram,70.0,nasir78,99% (8296 feedback)
Teh Raket Enak 40 gram,2600,80 gram,22.0,williamsantoso,98% (1732 feedback)
Teh Jawa Prima 40 gram,3100,80 gram,22.0,williamsantoso,98% (1732 feedback)
Saringan Thai Tea | Saringan Teh Tarik | Saringan Kopi | Saringan dum dum,25000,150 gram,38.0,mandayshop,95% (807 feedback)
Teh Celup Herbal Kulit Manggis Daun Sirsak MS Maxs Darusyifa,10000,100 gram,295.0,salehaffif,99% (10831 feedback)
Teh Daun Tin,10000,100 gram,62.0,hijazmart,97% (196 feedback)
TEH DAUN MORINGA ,13000,100 gram,106.0,zaidsubang50,98% (173 feedback)
Serbuk Teh Hijau 1 Kg,65000,1.1 kilogram,15.0,binasyifa2017,96% (273 feedback)
Dua Pcs Cangkir Tutup & Asbak Print Coffee - Mug Teh - Gelas Kopi,52500,1.0 kilogram,11.0,168368,98% (1464 feedback)
TEH CURAH DAUN SIRSAK BIN RAIS ATASI KANKER TUMOR HERNIA DLL,3200,50 gram,48.0,endang_tri_herawati,97% (964 feedback)
Paper cup 9 oz - gelas kopi/teh - paper cup gagang,21500,400 gram,63.0,stevfany,91% (3443 feedback)
BONICO THAI TEA powder 250Gr Bubuk minuman drink powder SHAKE MILK THAITEA  teh tarik thailand,20000,270 gram,48.0,bubbleshop88,97% (895 feedback)
Teh Puer Matang Beras Wangi Mini Tuocha,4500,10 gram,186.0,tokotehhuangfu,98% (274 feedback)
Obral Teh Kotak 200ml,3300,305 gram,5.0,hafiz2092,98% (353 feedback)
Teh Jawa Hijau 35gr,2500,55 gram,27.0,williamsantoso,98% (1732 feedback)
Teh Celup Daun Sirsak Laurico,22000,102 gram,60.0,reddyasien,99% (12067 feedback)
Teh Celup Daun Sukun,12000,50 gram,23.0,khazanahherbal906,98% (3986 feedback)
Teh Celup Daun Jati Cina Alami Darusyifa,11000,100 gram,27.0,naylaagency,100% (12225 feedback)
GELAS CANGKIR - GELAS TEH - GELAS KOPI,6000,250 gram,89.0,nad_love08,100% (1144 feedback)
CENTELLA TEH SINERGI HPAI - TEH CELUP HERBAL,55000,100 gram,9.0,sproul31,100% (1472 feedback)
Vietnam Drip Filter Penyaring Kopi Teh Bahan Stainless Steel Merek CookMaster,65000,150 gram,10.0,maslamet2015,99% (775 feedback)
Teh Celup Herbal Kulit Manggis Memperkuat Sistem Kekebalan Bagi Tubuh Dari Berbagai Penyakit,12000,200 gram,98.0,herbalhikmah,100% (17320 feedback)
TWININGS Darjeeling.. Pure Green Tea ..Lady Grey ..Earl Grey Decafeinated .teh twining,87800,200 gram,31.0,jiisoii,99% (1083 feedback)
PAKET HEMAT Diet Sehat Ibu Menyusui dan Penderita Maag ORIGINAL TPL Teh Peluntur Lemak 30 sachets,65000,200 gram,20.0,sutrastore99,97% (4954 feedback)
Teh Seduh GUNUNG SATRIA Banjarmasin,2500,60 gram,131.0,arisfauzan75,93% (114 feedback)
Teh celup biru bunga telang Martani,15000,50 gram,50.0,martanindonesia,98% (111 feedback)
Chinese Blooming Flower Tea Teh Bunga Mekar Cina,8500,80 gram,0.0,yummies_,98% (94 feedback)
Teh Daun Kelor Seduh Hikmah Original,6000,50 gram,0.0,garudayaksa2017,100% (151 feedback)
Teh Celup KEPALA DJENGGOT Green Tea isi 25 Sachet,17000,200 gram,0.0,lakalakason,99% (25024 feedback)
teh herbal benalu 500grm obat kanker dll,100000,500 gram,0.0,qodi_husen,100% (212 feedback)
Jual 20 gram Teh Kuncup Bunga Krisan Chrysanthemum Bud Flower Tea,24900,20 gram,7.0,ailailzyana,100% (7779 feedback)
Teh Persada Nusantara-Agen Nasa Bandung Cicaheum,30000,500 gram,0.0,geral_parkesit_bungsu,100% (27 feedback)
teh helbugari herbal-teh bulgari-teh rematik pegal linu encok teh herbal per 1 sachet,24900,100 gram,15.0,hendry_malaikat13,99% (866 feedback)
Timbangan Kopi Teh Digital Scale 0.1 1000 gram,99000,250 gram,1.0,theodosius_dwihantoro,98% (58 feedback)
HU WANG TEA NASA-TEH NASA JAKARTA,75000,250 gram,1.0,agus_ahmad_toha,99% (118 feedback)
Teh Daun Kelor Hikmah Sehat - Teh Seduh Daun Kelor,10000,50 gram,1.0,herbaltum,88% (1009 feedback)
tranfer factor tea4life original isi 30sachet teh herbal kesehatan ,300000,150 gram,1.0,herbar999,98% (301 feedback)
Secangkir Teh Hangat Dari Ded - G. Kriswanta,38700,260 gram,0.0,bukubeta,99% (65006 feedback)
paket pelangsing tiens ampuh.. 1 box jiang zhi teh dan 1 cell u lose,365800,250 gram,11.0,pie18,99% (14566 feedback)
TEH HIJAU THAILAND 5 DUS ISI 60 BUNGKUS,2910000,13.5 kilogram,0.0,kedaitehmedan,97% (36 feedback)
Teh Celup Teh Hitam Celup Kahuripan Rasa Vanila Isi 25 pcs,7000,200 gram,7.0,riliashop,100% (213 feedback)
teh helbugari herbal-teh bulgari-teh rematik pegal linu encok teh herbal per 1 sachet,24900,100 gram,15.0,hendry_malaikat13,99% (866 feedback)
Teh Pelangsing Herbal Hu Wang Tea Original NASA,75000,200 gram,1.0,sofia_ennita,100% (30 feedback)
Teh Putih Premium White Tea Teh Banyak Khsiat Untuk Menjaga Kesehatan,105000,150 gram,2.0,erdayeni,98% (72 feedback)
Promo Teh Hijau GTA Green Tea Activa Pelangsing Badan Alami,60000,60 gram,2.0,mukhilisohassa,100% (13 feedback)
"Teh Daun Jati Cina Original 100% Alami - Herbal Organic Tea, Teh Pelangsing, Teh Peluntur Lemak",3500,50 gram,276.0,amanahherbal,99% (2604 feedback)
KOREAN RED GINSENG TEA ( 50 sachet ) Â– Teh Ginseng,180000,150 gram,66.0,felixpark,96% (616 feedback)
Nespresso Capsule Refillable coffee kapsul isi ulang berkali pake bisa teh susu kopi not dolce gusto unakaffe keurig beli 4 bonus sendok takar,30000,15 gram,25.0,usahabarokahragil,98% (743 feedback)
Paket Teko kopitiam teh tarik tambah saringan bahan kain tebal tambah 2 mug stainless stell 10cm,188000,2.0 kilogram,36.0,kopi_bubuk_asli,100% (2109 feedback)
Teko 1 set l teko thai tea l teko kopi l teko teh,103000,1.5 kilogram,23.0,dariduasatu,94% (1174 feedback)
Teh daun salam-teh penurun kolesterol,40000,75 gram,19.0,fifinnashirotunnisya,98% (367 feedback)
green coffe bean/ biji kopi hijau / teh diet asli tanpa bahan pengawet,27500,350 gram,440.0,fongshop,93% (950 feedback)
Teh Daun Insulin Kering Mitra Husada efektif untuk diabetes,8000,50 gram,74.0,myhealth,98% (7734 feedback)
Teh meditea,100000,100 gram,15.0,sherly_sirait,98% (291 feedback)
Thai tea milk 400gr number one brand / Thai tea Thailand / Teh susu thailand,59900,450 gram,51.0,juragan_fasshion_2,98% (2093 feedback)
Teh Herbal Diaconabet (Obat Herbal Diabetes),560000,1.0 kilogram,19.0,naturalherbalonline,98% (651 feedback)
MEIZITANG SLIMMING TEA / MZT TEH DINKES - 1000% ORIGINAL,23000,100 gram,19.0,meiishopp,95% (8983 feedback)
Teh Celup Pegagan Centella Asiatica Isi 20 sachet Darusyifa Alami,10600,100 gram,18.0,salehaffif,99% (10831 feedback)
Teh celup daun jati cina HIKMAH herbal pelangsing alami,9000,100 gram,19.0,candra_herbal83,99% (2125 feedback)
Teh HERBAL DAUN KELOR kemasan 1 box@ 25teh celup dijual per 6 box,100000,3.0 kilogram,18.0,luk234,92% (611 feedback)
SALE PROMO Teh Daun Jati Cina 50 gram Nusadrink Herbal Senna Leaf Obat Jamu Diet Kurus Pelangsing Badan Tubuh grosir Murah,3600,82 gram,192.0,toracyber,100% (107 feedback)
Teh Celup Angkak mengatasi DBD. kolesterol. menstabilkan darah. super herbal tea angkak. teh herbal,15000,200 gram,13.0,herbalhikmah,100% (17320 feedback)
Teh Celup Pegagan untuk Kecerdasan Otak,15000,100 gram,18.0,tokopribumi,99% (3888 feedback)
Teh Hijau Cap Pohon Korma 313,34000,110 gram,77.0,nikihyden,98% (323 feedback)
Teh Djumput 7gr Tegal,700,20 gram,37.0,williamsantoso,98% (1732 feedback)
teh bendera celup 1rencen isi 6saset 10g,6000,80 gram,19.0,mardihartanto,99% (1936 feedback)
teh gaharu nikmat berkhasiat,20000,130 gram,81.0,mahmud_herbal,98% (3249 feedback)
TEH DAUN AFRIKA ANTI DIABETES,15000,30 gram,54.0,purbiyantari,93% (31 feedback)
Teh Bunga Telang - Dried Blue Butterfly Pea Flower Tea 20 Gr,23000,150 gram,23.0,vinsensialili,97% (45 feedback)
Sendok Takar Kopi Teh Susu Atau Lainnya Bahan Stainless Steel,52500,150 gram,9.0,maslamet2015,99% (775 feedback)
sariwangi teh celup isi 50,8500,200 gram,28.0,fathinzada,81% (901 feedback)
teh gunung satria aroma melati per kotak,7500,100 gram,65.0,goegun,99% (866 feedback)
BONICO BANANA powder 250Gr Bubuk minuman drink powder SHAKE MILK PISANG  teh tarik thailand,20000,270 gram,23.0,bubbleshop88,97% (895 feedback)
AD023 Penyaring saringan saring Alat Penyeduh seduh Teh bubuk atau celup bentuk Love Hati menyaring Sendok Not Tea Spoon Strainer,7500,80 gram,16.0,jwenc,98% (4179 feedback)
Sendok teh kecil pendek,20000,200 gram,12.0,gabriel514,99% (1419 feedback)
Bubuk Minuman Thai Tea 1000 Gram - Thai Tea Teh Thailand 1 Kg ,39800,1.1 kilogram,8.0,uspur,92% (14099 feedback)
HU-WHANG TEA NASA - Teh Pelangsing Perut Buncit,75000,200 gram,1.0,riyan_olshop80,100% (7 feedback)
Teh Persada Nusantara-Agen Nasa Bandung Cicaheum,30000,500 gram,0.0,geral_parkesit_bungsu,100% (27 feedback)
TEH HIJAU THAILAND 10 DUS  ISI 120 BUNGKUS,5820000,25.5 kilogram,0.0,kedaitehmedan,97% (36 feedback)
Teh Celup Pegagan Centella Asiatica Isi 20 Sachet Darusyifa Alami,15000,100 gram,1.0,embeherbal,97% (372 feedback)
teh celup herbal daun kelor suplemen alami multi khasiat,15000,50 gram,9.0,tjsin_khong_tjin,100% (1218 feedback)
teh bawang dayak ,40000,100 gram,0.0,farida_sofia,89% (19 feedback)
teh PECUT 1 pak isi 5 bungkus besar masing-masing 80 gram,45000,400 gram,6.0,filo_shop,100% (32 feedback)
Detox Tea - 28days Package by Teatox & Co. Teh Detox,696200,250 gram,0.0,tigorshop,100% (3 feedback)
Teh Celup Daun Jati Cina Kecono Sari Asli Murah Teh Herbal Pelangsing Alami,12500,120 gram,89.0,pusat_herbal_murah,100% (5385 feedback)
sliming herb-sliming herb tea-sliming herbal tea-teh pelangsing-teh peluntur lemak-sliming herbal alami,115000,350 gram,3.0,hendrymalaikat13,99% (1472 feedback)
Vicenza Tea Set - Perangkat Cangkir Minum Teh C78 Motif Padi,318000,4.0 kilogram,0.0,vicenzastore,76% (236 feedback)
sliming herb-sliming herb tea-sliming herbal tea-teh pelangsing-teh peluntur lemak-sliming herbal alami,115000,350 gram,3.0,hendrymalaikat13,99% (1472 feedback)
Teh Hijau cap Gayung Grosir,3000,90 gram,37.0,ferie_andrias,99% (5802 feedback)
teh bio slim teh pelangsing teh penurun berat badan menguruskan badan,135000,300 gram,0.0,suryani_hwang689,100% (334 feedback)
bles tea-teh kesehatan-minuman keaehatan-teh hitam ortodox anti oksidan 110mg,135000,250 gram,2.0,hendry_angela13,99% (422 feedback)
TEH DADUZI ORIGINAL JACO 1 BOX ISI 30 SACHET MINUMAN PERUT BUNCIT PELANGSING JACO,380000,200 gram,1.0,muilang09,100% (449 feedback)
Teh Merah-LIEF Red Tea Premium untuk Kesehatan-Celup,35000,60 gram,0.0,erdayeni,98% (72 feedback)
TEH CELUP KUMIS KUCING KENCONO SARI UNTUK SAKIT GINJAL ,18000,150 gram,0.0,alayubi234,100% (4379 feedback)
teh seduh daun insulin-daun yakon ampuh mengatasi diabetes-menurunkan kadar gula dlm darah-liver-sakit tenggorokan ,20000,100 gram,6.0,suryani_hwang689,100% (334 feedback)
Teh Bidara,15000,600 gram,0.0,ilham_abdjul,0% (0 feedback)
Matcha green tea powder bubuk teh jepang 100g by Mahavita,68000,160 gram,7.0,maharajacoffee,99% (1851 feedback)
Teh Celup Daun Insulin Yakon untuk penderita Diabetes,10000,100 gram,34.0,nasir78,99% (8296 feedback)
Herbilogy Matcha Powder Japanese Green Tea Teh Hijau Bubuk  100 gr,93000,150 gram,8.0,healthycornersby,99% (3872 feedback)
Teh Celup Daun Bidara   Sidr Gholiban   JS001  ,16000,80 gram,29.0,itsolutions2,100% (6021 feedback)
Sedotan Teh Poci - Sedotan Minuman - Hitam - Es - Lubang Mini,26000,1.1 kilogram,96.0,stevfany,91% (3443 feedback)
teh herbal pelangsing teh jati cina darusyifa,10000,100 gram,38.0,anismuna,99% (2438 feedback)
Teh Twinings of London Pure Camomile Tea Bag Twining Import,112000,150 gram,30.0,anabel_shop,96% (951 feedback)
Set 5 Buah Sendok Teh Kopi Es Krim Bahan Stainless Steel dengan Gagang Panjang 16 cm,36000,150 gram,18.0,maslamet2015,99% (775 feedback)
Kena Macet Bikin Kopi Susu teh Mie gelas Pemanas Air Untuk Semua Mobil Colokan Lighter Pematik Rokok Car Mug Heated Universal,89900,700 gram,83.0,nayaka_wira,100% (658 feedback)
SARINGAN TEH ALUMUNIUM KECIL,5000,60 gram,217.0,anekaretail,97% (2661 feedback)
Bacil teh dedew,16000,210 gram,58.0,kasdul1996,94% (17 feedback)
Sendok Takar Kopi Teh dan lain-lain,60000,150 gram,11.0,kopi_rebon,100% (178 feedback)
BSH slimming tea / BSH Teh / Teh BSH / TEh body slim herbal,30000,200 gram,26.0,cosmovind,97% (21049 feedback)
Teh Naga 1 Pack (Isi 10 Bungkus),16000,180 gram,44.0,mracanganonline,98% (3894 feedback)
PEMANAS AIR MOBIL GELAS PENGHANGAT KOPI SUSU TEH ALAT PEMANAS ELEKTRIK TRAVEL CAR PORTABLE HEATING CUP DI MOBIL CAR WATER COFFEE TEA HEATER STAINLESS ,165000,500 gram,12.0,mercuryjaya,99% (607 feedback)
Teh Wangi Tong Tji 80gr Superteh,7000,80 gram,81.0,williamsantoso,98% (1732 feedback)
Teh Diet Herbal Teh Herr ballifee,268500,350 gram,18.0,christine_zebua,97% (301 feedback)
Teh hijau kepala djenggot (celum),12000,130 gram,59.0,lha2olshop,94% (1528 feedback)
Teh Murbei,15000,15 gram,83.0,anna_shop,92% (126 feedback)
Perendam teh  IDEALISK Penyaring Teh Pencelup Teh,18900,100 gram,18.0,rrhomedesign,99% (1405 feedback)
Keto - Teh Hijau Kepala Jenggot,12000,135 gram,26.0,gerobakketofy,100% (240 feedback)
Teh Daun Keratom ,29000,200 gram,14.0,agusiskandar1981,96% (32 feedback)
Teh Bubuk Prendjak,3500,60 gram,159.0,boby_fredian,99% (519 feedback)
teh tiara biosyafa,40000,150 gram,18.0,zafeerastation,98% (328 feedback)
Teh Naga Malang Pack Kecil 10 pcs ,12000,160 gram,28.0,radik_wikanto,100% (1468 feedback)
Teh Herbal Daun Jati Cina,60000,100 gram,161.0,naturalherbalonline,98% (651 feedback)
"NATURAL KECUBUNG TEH / SMOKY QUARTZ, KWALITAS ELIT HARGA MURAH !!!",35100,10 gram,46.0,yudi_braga,99% (17974 feedback)
Sendok teh kedaung super doll isi 6,18000,300 gram,26.0,savio_housewares,93% (5871 feedback)
Teh Goalpara 250 gram,15000,300 gram,32.0,williamsantoso,98% (1732 feedback)
TEH KEMBANG CRYSANTHEMUN,18000,240 gram,20.0,healthy_herbal,99% (2655 feedback)
Teh Celup Daun Sirsak Kencono Sari Asli Murah Teh Herbal Anti Kanker,12500,120 gram,26.0,pusat_herbal_murah,100% (5385 feedback)
obat sakit tenggorokan  teh gurah nasa herbal alami,70000,300 gram,2.0,siti_muslihah242,97% (119 feedback)
Paket hemat 1box mazon B amazon berries & 1box muricata teh keladi tikus..original bpom-jaminan asli,1350000,1.5 kilogram,0.0,garuda789,99% (1770 feedback)
Teh Gurah Agen Nasa Pamulang TAngerang ,70000,250 gram,0.0,agen_nasa_pamulang,97% (67 feedback)
Teh ampuh atasi kencing manis-diabetes Glucose care,160000,150 gram,4.0,michel46,99% (7054 feedback)
teh herbal 3in1 daun sirsak kulit manggis dan green tea,20000,120 gram,9.0,alayubi234,100% (4379 feedback)
Meja teh,650000,55.0 kilogram,0.0,griyamebeljepara,100% (1 feedback)
TEH HERBAL MANGISTEA 20 KANTUNG TEH CELUP KULUT MANGGIS,25000,100 gram,0.0,fadhlika_fikri,100% (486 feedback)
Vicenza Tea Set - Perangkat Cangkir Minum Teh C78 Motif Camelia,318000,4.0 kilogram,0.0,vicenzastore,76% (236 feedback)
Kemasan Sachet Alufoil Silver 35Gr.Kemasan Kopi.Kemasan Snack.Kemasan Bumbu.Kemasan Teh,600,3 gram,0.0,selvialiu,100% (140 feedback)
paket mazon B amazon berries dan muri-cata teh keladi tikus paket hemat jaminan asli original bpom ,1350000,1.5 kilogram,2.0,mutiara6herbal,99% (6905 feedback)
Teh Teki herbal untuk keputihan nyeri haid dan cegah kanker serviks haid lancar,80000,30 gram,0.0,dindinherbal,100% (4 feedback)
sliming tea-teh pelangsing-teh diet herbal-teh pembakar lemak-anti kolesterol jahat,115000,300 gram,0.0,hendry_malaikat13,99% (866 feedback)
teh daun bajakah,100000,100 gram,0.0,dion_sasmitha,100% (1 feedback)
Teh Celup Daun Tiin,25000,110 gram,1.0,piyunganherbal,93% (350 feedback)
Meja teh,650000,55.0 kilogram,0.0,griyamebeljepara,100% (1 feedback)
Vicenza Tea Set - Perangkat Cangkir Minum Teh C78 Motif Camelia,318000,4.0 kilogram,0.0,vicenzastore,76% (236 feedback)
teh herbal 3in1 daun sirsak kulit manggis dan green tea,20000,120 gram,9.0,alayubi234,100% (4379 feedback)
Kemasan Bag Transmetz 150z. kemasan sachet transmetz. kemasan kopi teh bumbu. bag transmetz. transmetz,800,4 gram,0.0,kemasanjayaindo,99% (590 feedback)
Teh Hijau Apel - Beli Min 2 Karton dapat Indomie 1Bungkus -,18000,4.0 kilogram,0.0,fauzi84,100% (32 feedback)
Teh Daun Kersen Kering 500 Gram,39000,700 gram,11.0,tunggaksemishop,98% (322 feedback)
Sendok Kayu Sendok Bambu Sendok Kopi Sendok Teh,8000,5 gram,47.0,shiudewi,98% (579 feedback)
Harga Termurah Tong Tji - Lemon Tea -Tea Bag - Teh Celup ,18500,100 gram,23.0,tongtjiofficialstore,93% (250 feedback)
IKEA  RORELSER Infuser teh untuk teko baja tahan karat,44900,300 gram,15.0,titipikea,100% (20871 feedback)
Toffin Frappe Matcha Green Tea Minuman serbuk rasa teh hijau,250000,1.1 kilogram,16.0,littlenicnic,99% (452 feedback)
JI GU CAO INFUSIAN TEH DAUN SAGA,24000,230 gram,37.0,edyaciu,99% (4863 feedback)
Nestea Lychee Tea - Teh Rasa Leci,45000,600 gram,12.0,eklecia,97% (1324 feedback)
Teh Herbal Obat Pelangsing Badan Aman Cepat Alami dari Daun Jati Cina - Herbalaxsing PAKET 30 HARI,420000,1.0 kilogram,10.0,naturalherbalonline,98% (651 feedback)
Taiwanese Imperial Oolong Tea Teh Light Oolong Premium Quality Organic,60600,150 gram,11.0,nihoncha,99% (646 feedback)
Bubuk Reguler Teh Tarik 500gr,27500,600 gram,35.0,javalandcoffee,97% (6041 feedback)
"MS-MAX ,MS-MAX,S / MS-MAX'S /MS MAXS / MS'MAX'S / 'S Darusyifa Alami = kapsul teh kulit manggis daun sirsak , acemaxs ,ace maxs , xhamthone",22000,100 gram,129.0,popularshop,92% (4207 feedback)
Lipton Green Tea With Jasmine - Original - Teh Import Berkhasiat,52500,135 gram,19.0,adhimahadi,94% (13003 feedback)
Cangkir Set Seri 2 Motif Ayam Jago Seri 2 - 6 Pasang Cangkir & Saucer - Cangkir Kopi & Teh ,123000,3.0 kilogram,20.0,168368,98% (1464 feedback)
Teh Hijau Green Tea Pelangsing Teh Diet Alami 100 gram,100000,100 gram,24.0,ratnasaridewi78,100% (362 feedback)
TEH HIJAU KESEHATAN 100% ASLI ALAMI CURAH KILOAN PASIR WALIK,90000,1.11 kilogram,28.0,pasir_walik,99% (608 feedback)
Teh Herbal Daun Kelor,14400,100 gram,67.0,muliashop,96% (7024 feedback)
Teh diabetes glucos care herbal,140000,150 gram,10.0,amanshop888,100% (8956 feedback)
teh daun sirih merah bermanfaat untuk daya tahan tubuh,27000,50 gram,32.0,joko_ardiansyah,97% (195 feedback)
Teh Upet Melati Celup Oleh Oleh Khas Cirebon,14300,138 gram,48.0,kisthea,100% (8520 feedback)
BONICO Greentea Latte Bubuk Minuman 1kg Ice Blend Milk Shake Smoothies drink powder TEH Hijau,67000,1.08 kilogram,25.0,gitabali,98% (707 feedback)
Teh Daun Jati Cina / Teh Daun Jati China Termurah Kwalitas Super isi 250 gram,24000,325 gram,17.0,hanvesieshop,95% (528 feedback)
Teh Bidara Ruqyah BIDARAKU,30000,130 gram,31.0,mikoyosika2,98% (263 feedback)
Teh seduh daun kelor 40gr,5000,40 gram,346.0,salehaffif,99% (10831 feedback)
Gelas Cangkir tempat minum acrilik 500 ml OWL teh kopi juice plastik melamin,10000,200 gram,96.0,maria_maria314,98% (2015 feedback)
Teh Pelancar Asi Booster Mama Bear,38600,200 gram,23.0,cherylshopa,98% (184 feedback)
teh GOPEK Super Premium (GSL),32500,600 gram,43.0,tehgopekbdg,100% (78 feedback)
teh seduh daun jati cina,3300,50 gram,150.0,dimariaangel070,96% (1775 feedback)
057 - Tea Infuser Pencelup Saringan Teh Unik Model Strawberry Stroberi,9000,30 gram,18.0,pusatbarangunikchina,100% (1473 feedback)
Saffron tea Teh kesehatan teh herbal,30000,30 gram,13.0,syah_city,97% (449 feedback)
Sendok Penyeduh Teh / Rempah-Rempah / Ramuan Obat (Berbentuk Panah Hati),9000,40 gram,12.0,duniajasmine,99% (11076 feedback)
TEH CELUP HERBAL JATI CINA 20 KANTUNG JATCINTEA,25000,100 gram,0.0,fadhlika_fikri,100% (486 feedback)
Teh Daun jati Cina 40gr - Pelangsing Herbal Aman,9000,75 gram,2.0,ozejk11,99% (1275 feedback)
Teh Bunga Telang Butterfly Pea Flower Tea 100gram,99900,200 gram,4.0,ailailzyana,100% (7779 feedback)
TEH CELUP HERBAL 3 IN 1 MANGGIS SIRSAK GREEN TEA,20000,100 gram,0.0,fadhlika_fikri,100% (486 feedback)
Vicenza Tea Set - Perangkat Cangkir Minum Teh C78 Motif Poppy,318000,4.0 kilogram,0.0,vicenzastore,76% (236 feedback)
TEH HERBAL DAUN SIRSAK 20 KANTUNG GRIYAHERBA DRINK,25000,100 gram,0.0,fadhlika_fikri,100% (486 feedback)
bleste-teh kesehatan keluarga-minuman kesehatan-minuman anti oksidan tinggi-teh hitam ortodox,135000,350 gram,4.0,hendry_malaikat13,99% (866 feedback)
TEH HIJAU ASLI CAP DAUN MAS JASARAMA 50GR,20000,150 gram,0.0,fadhlika_fikri,100% (486 feedback)
Teh Bunga Telang Butterfly Pea Flower Tea 500gr,385000,700 gram,1.0,ailailzyana,100% (7779 feedback)
tranfer factor tea4life tea 4life teh TF original isi 30sachet teh herbal kesehatan bukan sliming herb,300000,150 gram,0.0,mutiara6herbal,99% (6905 feedback)
